id,name,gender,address,phone,disability,image,email,dob,country
1,John Doe,male,123 Main St,123-456-7890,False,,john.doe@example.com,1985-05-15,1
2,Jane Smith,female,456 Oak St,234-567-8901,False,,jane.smith@example.com,1990-07-22,1
3,Robert Johnson,male,789 Pine St,345-678-9012,True,,robert.johnson@example.com,1982-11-05,2
4,Emily Davis,female,321 Maple St,456-789-0123,False,,emily.davis@example.com,1995-03-12,2
5,Michael Wilson,male,654 Elm St,567-890-1234,True,,michael.wilson@example.com,1988-09-29,3
6,Sarah Brown,female,987 Birch St,678-901-2345,False,,sarah.brown@example.com,1993-12-30,3
7,David Jones,male,159 Cedar St,789-012-3456,False,,david.jones@example.com,1979-06-18,4
8,Jessica Miller,female,753 Spruce St,890-123-4567,True,,jessica.miller@example.com,1991-08-21,4
9,Daniel Martinez,male,246 Aspen St,901-234-5678,False,,daniel.martinez@example.com,1987-02-25,5
10,Laura Taylor,female,135 Walnut St,012-345-6789,True,,laura.taylor@example.com,1992-10-14,5
11,Thomas Anderson,male,258 Chestnut St,123-456-7890,False,,thomas.anderson@example.com,1986-04-17,6
12,Karen Thompson,female,369 Redwood St,234-567-8901,True,,karen.thompson@example.com,1994-01-19,6
13,Paul White,male,147 Hickory St,345-678-9012,False,,paul.white@example.com,1980-07-26,7
14,Lisa Harris,female,258 Alder St,456-789-0123,True,,lisa.harris@example.com,1996-05-23,7
15,Mark Robinson,male,369 Sycamore St,567-890-1234,False,,mark.robinson@example.com,1983-11-28,8
16,Nancy Clark,female,741 Fir St,678-901-2345,True,,nancy.clark@example.com,1997-08-16,8
17,Steven Rodriguez,male,852 Juniper St,789-012-3456,False,,steven.rodriguez@example.com,1989-03-31,9
18,Amy Lewis,female,963 Larch St,890-123-4567,True,,amy.lewis@example.com,1991-07-09,9
19,Kevin Walker,male,159 Poplar St,901-234-5678,False,,kevin.walker@example.com,1984-12-02,10
20,Rebecca Hall,female,753 Willow St,012-345-6789,True,,rebecca.hall@example.com,1995-11-11,10
21,Brian Allen,male,258 Sequoia St,123-456-7890,False,,brian.allen@example.com,1981-08-05,11
22,Sandra Young,female,369 Magnolia St,234-567-8901,True,,sandra.young@example.com,1993-04-27,11
23,Charles King,male,147 Dogwood St,345-678-9012,False,,charles.king@example.com,1987-05-14,12
24,Ashley Wright,female,258 Beech St,456-789-0123,True,,ashley.wright@example.com,1992-06-22,12
25,Edward Scott,male,369 Hazel St,567-890-1234,False,,edward.scott@example.com,1980-10-20,13
26,Deborah Green,female,741 Linden St,678-901-2345,True,,deborah.green@example.com,1994-01-15,13
27,Frank Adams,male,852 Myrtle St,789-012-3456,False,,frank.adams@example.com,1989-09-07,14
28,Megan Baker,female,963 Palm St,890-123-4567,True,,megan.baker@example.com,1996-04-09,14
29,Gregory Nelson,male,159 Hawthorn St,901-234-5678,False,,gregory.nelson@example.com,1982-02-17,15
30,Carol Perez,female,753 Holly St,012-345-6789,True,,carol.perez@example.com,1991-03-24,15
31,Scott Roberts,male,258 Cedar St,123-456-7890,False,,scott.roberts@example.com,1985-06-16,16
32,Michelle Turner,female,369 Maple St,234-567-8901,True,,michelle.turner@example.com,1993-09-18,16
33,Jason Phillips,male,147 Oak St,345-678-9012,False,,jason.phillips@example.com,1987-01-13,17
34,Angela Campbell,female,258 Birch St,456-789-0123,True,,angela.campbell@example.com,1990-12-23,17
35,Patrick Evans,male,369 Pine St,567-890-1234,False,,patrick.evans@example.com,1984-04-11,18
36,Rachel Parker,female,741 Spruce St,678-901-2345,True,,rachel.parker@example.com,1992-08-12,18
37,Christopher Edwards,male,852 Redwood St,789-012-3456,False,,christopher.edwards@example.com,1988-07-05,19
38,Stephanie Collins,female,963 Aspen St,890-123-4567,True,,stephanie.collins@example.com,1995-02-22,19
39,Anthony Stewart,male,159 Elm St,901-234-5678,False,,anthony.stewart@example.com,1983-03-18,20
40,Melissa Morris,female,753 Alder St,012-345-6789,True,,melissa.morris@example.com,1990-06-06,20
41,Ronald Reed,male,258 Hickory St,123-456-7890,False,,ronald.reed@example.com,1981-09-13,21
42,Sharon Murphy,female,369 Chestnut St,234-567-8901,True,,sharon.murphy@example.com,1994-11-27,21
43,Larry Bailey,male,147 Walnut St,345-678-9012,False,,larry.bailey@example.com,1980-10-19,22
44,Elizabeth Rivera,female,258 Juniper St,456-789-0123,True,,elizabeth.rivera@example.com,1991-05-31,22
45,Matthew Richardson,male,369 Larch St,567-890-1234,False,,matthew.richardson@example.com,1989-02-28,23
46,Margaret Cox,female,741 Poplar St,678-901-2345,True,,margaret.cox@example.com,1996-04-16,23
47,Joshua Howard,male,852 Willow St,789-012-3456,False,,joshua.howard@example.com,1985-12-05,24
48,Dorothy Ward,female,963 Sequoia St,890-123-4567,True,,dorothy.ward@example.com,1992-08-23,24
49,Dennis Peterson,male,159 Magnolia St,901-234-5678,False,,dennis.peterson@example.com,1983-09-27,25
50,Janet Hughes,female,753 Dogwood St,012-345-6789,True,,janet.hughes@example.com,1994-07-14,25
